date,symbol,open,high,low,close,volume,adjusted_close
2024-01-02,2330,577.9,580.9,574.9,577.9,18000000,577.9
2024-01-03,2330,580.72,583.97,577.03,580.23,18647338,580.23
2024-01-04,2330,583.48,586.98,579.12,582.52,19278836,582.52
2024-01-05,2330,586.1,589.85,581.14,584.74,19879284,584.74
2024-01-08,2330,588.53,592.53,583.85,586.85,20434712,586.85
2024-01-09,2330,590.72,593.72,585.62,588.82,20932941,588.82
2024-01-10,2330,592.62,595.87,587.23,590.63,21364078,590.63
2024-01-11,2330,594.23,597.73,588.66,592.26,21720899,592.26
2024-01-12,2330,595.5,599.25,590.68,593.68,21999147,593.68
2024-01-15,2330,596.44,600.44,591.68,594.88,22197695,594.88
2024-01-16,2330,597.06,600.06,592.46,595.86,22318594,595.86
2024-01-17,2330,597.39,600.64,593.03,596.63,22366992,596.63
2024-01-18,2330,597.45,600.95,594.17,597.17,22350926,597.17
2024-01-19,2330,592.75,596.72,589.55,592.97,22281002,592.97
2024-01-22,2330,592.43,597.13,589.03,593.13,22169976,593.13
2024-01-23,2330,592.0,596.14,588.4,593.14,22032240,593.14
2024-01-24,2330,591.5,596.26,588.5,593.01,22116748,593.01
2024-01-25,2330,590.99,596.28,587.79,592.78,22761082,592.78
2024-01-26,2330,590.52,596.23,587.12,592.48,23385040,592.48
2024-01-29,2330,590.15,596.15,586.55,592.15,23973715,592.15
2024-01-30,2330,589.91,594.83,586.91,591.83,19513604,591.83
2024-01-31,2330,589.82,594.79,586.62,591.54,19993151,591.54
2024-02-01,2330,589.93,594.84,586.53,591.34,20403204,591.34
2024-02-02,2330,590.23,595.0,586.63,591.25,20737382,591.25
2024-02-05,2330,590.74,595.3,587.74,591.3,20992329,591.3
2024-02-06,2330,591.44,594.51,588.24,591.51,21167848,591.51
2024-02-07,2330,587.8,591.05,583.97,587.37,21266909,587.37
2024-02-08,2330,588.88,592.38,584.38,587.98,21295528,587.98
2024-02-09,2330,590.12,593.87,585.81,588.81,21262533,588.81
2024-02-12,2330,591.51,595.51,586.66,589.86,21179204,589.86
2024-02-13,2330,593.01,596.01,587.73,591.13,21058830,591.13
2024-02-14,2330,594.6,597.85,589.01,592.61,20916178,592.61
2024-02-15,2330,596.27,599.77,591.29,594.29,21233098,594.29
2024-02-16,2330,598.01,601.76,592.96,596.16,21873082,596.16
2024-02-19,2330,599.77,603.77,594.77,598.17,22488226,598.17
2024-02-20,2330,601.57,604.57,596.72,600.32,23063973,600.32
2024-02-21,2330,603.38,606.63,599.56,602.56,23587335,602.56
2024-02-22,2330,605.22,608.72,601.67,604.87,24047416,604.87
2024-02-23,2330,607.05,610.95,603.65,607.2,24435839,607.2
2024-02-26,2330,604.33,608.97,600.73,604.97,24747086,604.97
2024-02-27,2330,606.15,610.24,603.15,607.24,19978716,607.24
2024-02-28,2330,607.96,612.68,604.76,609.43,20131461,609.43
2024-02-29,2330,609.75,615.01,606.35,611.51,20209197,611.51
2024-03-01,2330,611.49,617.18,607.89,613.43,20218794,613.43
2024-03-04,2330,613.19,619.19,610.19,615.19,20169834,615.19
2024-03-05,2330,614.81,619.75,611.61,616.75,20074236,616.75
2024-03-06,2330,616.36,621.36,612.96,618.11,19945779,618.11
2024-03-07,2330,617.79,622.75,614.19,619.25,19799550,619.25
2024-03-08,2330,619.09,623.91,616.09,620.16,20348653,620.16
2024-03-11,2330,620.24,624.86,617.04,620.86,20982958,620.86
2024-03-12,2330,621.22,624.35,617.82,621.35,21588042,621.35
2024-03-13,2330,622.01,625.26,618.04,621.64,22149749,621.64
2024-03-14,2330,618.04,621.54,614.2,617.2,22655652,617.2
2024-03-15,2330,618.42,622.17,613.96,617.16,23095550,617.16
2024-03-18,2330,618.61,622.61,613.6,617.0,23461872,617.0
2024-03-19,2330,618.59,621.59,613.14,616.74,23749980,616.74
2024-03-20,2330,618.41,621.66,613.43,616.43,23958355,616.43
2024-03-21,2330,618.09,621.59,612.9,616.1,24088657,616.1
2024-03-22,2330,617.65,621.4,612.38,615.78,24145657,615.78
2024-03-25,2330,617.16,621.16,611.92,615.52,24137050,615.52
2024-03-26,2330,616.65,619.65,612.35,615.35,19073145,615.35
2024-03-27,2330,616.17,619.42,612.09,615.29,18966458,615.29
2024-03-28,2330,615.8,619.3,611.99,615.39,18831208,615.39
2024-03-29,2330,615.58,619.41,611.98,615.66,18817246,615.66
2024-04-01,2330,615.55,620.13,612.55,616.13,19463019,616.13
2024-04-02,2330,611.23,615.26,608.03,612.26,20090334,612.26
2024-04-03,2330,611.73,616.4,608.33,613.15,20684147,613.15
2024-04-04,2330,612.54,617.77,608.94,614.27,21230751,614.27
2024-04-05,2330,613.68,619.35,610.68,615.6,21718323,615.6
2024-04-08,2330,615.15,621.15,611.95,617.15,22137391,617.15
2024-04-09,2330,616.93,621.88,613.53,618.88,22481214,618.88
2024-04-10,2330,619.02,624.05,615.42,620.8,22746053,620.8
2024-04-11,2330,621.36,626.36,618.36,622.86,22931315,622.86
2024-04-12,2330,623.91,628.79,620.71,625.04,23039582,625.04
2024-04-15,2330,626.62,631.3,623.22,627.3,23076504,627.3
2024-04-16,2330,629.42,632.62,625.82,629.62,23050575,629.62
2024-04-17,2330,632.25,635.5,628.95,631.95,22972797,631.95
2024-04-18,2330,635.04,638.54,631.06,634.26,22856236,634.26
2024-04-19,2330,633.17,636.92,628.56,631.96,22715507,631.96
2024-04-22,2330,635.69,639.69,630.52,634.12,22933813,634.12
2024-04-23,2330,637.98,640.98,633.15,636.15,18575806,636.15
2024-04-24,2330,640.0,643.25,634.83,638.03,19194843,638.03
2024-04-25,2330,641.72,645.22,636.33,639.73,19776213,639.73
2024-04-26,2330,643.12,646.87,637.63,641.23,20306704,641.23
2024-04-29,2330,644.19,648.19,639.52,642.52,20775134,642.52
2024-04-30,2330,644.95,647.95,640.4,643.6,21172794,643.6
2024-05-01,2330,645.39,648.64,641.05,644.45,21493800,644.45
2024-05-02,2330,645.56,649.06,641.48,645.08,21735318,645.08
2024-05-03,2330,645.48,649.25,642.48,645.5,21897688,645.5
2024-05-06,2330,645.23,649.74,642.03,645.74,21984404,645.74
2024-05-07,2330,644.83,648.8,641.43,645.8,22001974,645.8
2024-05-08,2330,639.79,644.42,636.19,641.17,21959665,641.17
2024-05-09,2330,639.29,644.48,636.29,640.98,21869131,640.98
2024-05-10,2330,638.8,644.45,635.6,640.7,21743947,640.7
2024-05-13,2330,638.38,644.38,634.98,640.38,21599071,640.38
2024-05-14,2330,638.09,643.05,634.49,640.05,22049754,640.05
2024-05-15,2330,637.94,643.0,634.94,639.75,22686629,639.75
2024-05-16,2330,637.97,643.01,634.77,639.51,23296131,639.51
2024-05-17,2330,638.19,643.12,634.79,639.37,23863927,639.37
2024-05-20,2330,638.61,643.36,635.01,639.36,24377347,639.36
2024-05-21,2330,639.24,642.5,636.24,639.5,19825890,639.5
2024-05-22,2330,640.06,643.31,636.63,639.83,20201641,639.83
2024-05-23,2330,641.08,644.58,636.96,640.36,20499585,640.36
2024-05-24,2330,642.26,646.01,637.5,641.1,20717813,641.1
2024-05-27,2330,639.04,643.04,634.51,637.51,20857590,637.51
2024-05-28,2330,640.49,643.49,635.49,638.69,20923311,638.69
2024-05-29,2330,642.05,645.3,636.69,640.09,20922322,640.09
2024-05-30,2330,643.7,647.2,638.1,641.7,20864630,641.7
2024-05-31,2330,645.4,649.15,640.49,643.49,20762500,643.49
2024-06-03,2330,647.16,651.16,642.25,645.45,20629973,645.45
2024-06-04,2330,648.95,651.95,644.15,647.55,20517702,647.55
2024-06-05,2330,650.76,654.01,646.16,649.76,21164672,649.76
2024-06-06,2330,652.59,656.09,649.05,652.05,21795111,652.05
2024-06-07,2330,654.42,658.17,651.17,654.37,22393851,654.37
2024-06-10,2330,656.25,660.7,652.85,656.7,22946989,656.7
2024-06-11,2330,658.07,661.99,654.47,658.99,23442440,658.99
2024-06-12,2330,659.89,664.47,656.89,661.22,23870419,661.22
2024-06-13,2330,657.13,662.29,653.93,658.79,24223831,658.79
2024-06-14,2330,658.9,664.53,655.5,660.78,24498551,660.78
2024-06-17,2330,660.62,666.61,657.02,662.61,24693596,662.61
2024-06-18,2330,662.27,667.25,659.27,664.25,19811156,664.25
2024-06-19,2330,663.85,668.94,660.65,665.69,19856511,665.69
2024-06-20,2330,665.33,670.42,661.93,666.92,19837819,666.92
2024-06-21,2330,666.68,671.67,663.08,667.92,19765793,667.92
2024-06-24,2330,667.9,672.71,664.9,668.71,19653270,668.71
2024-06-25,2330,668.95,672.28,665.75,669.28,19514703,669.28
2024-06-26,2330,669.81,673.06,666.24,669.64,19634416,669.64
2024-06-27,2330,670.48,673.98,666.22,669.82,20278177,669.82
2024-06-28,2330,670.94,674.69,666.84,669.84,20900881,669.84
2024-07-01,2330,671.2,675.2,666.52,669.72,21487670,669.72
2024-07-02,2330,666.72,669.72,661.55,664.95,22025116,664.95
2024-07-03,2330,666.6,669.85,661.06,664.66,22501762,664.66
2024-07-04,2330,666.33,669.83,661.33,664.33,22908570,664.33
2024-07-05,2330,665.93,669.68,660.8,664.0,23239289,664.0
2024-07-08,2330,665.46,669.46,660.32,663.72,23490702,663.72
2024-07-09,2330,664.95,667.95,659.9,663.5,23662751,663.5
2024-07-10,2330,664.46,667.71,660.4,663.4,23758546,663.4
2024-07-11,2330,664.04,667.54,660.23,663.43,23784232,663.43
2024-07-12,2330,663.74,667.49,660.23,663.63,23748754,663.63
2024-07-15,2330,663.64,668.02,660.04,664.02,23663491,664.02
2024-07-16,2330,663.75,667.61,660.75,664.61,18541811,664.61
2024-07-17,2330,664.14,668.67,660.94,665.42,18398530,665.42
2024-07-18,2330,664.82,669.94,661.42,666.44,18750671,666.44
2024-07-19,2330,661.28,666.89,657.68,663.14,19389879,663.14
2024-07-22,2330,662.63,668.61,659.63,664.61,20003578,664.61
2024-07-23,2330,664.28,669.27,661.08,666.27,20577267,666.27
2024-07-24,2330,666.25,671.36,662.85,668.11,21098042,668.11
2024-07-25,2330,668.49,673.62,664.89,670.12,21555109,670.12
2024-07-26,2330,670.96,676.0,667.96,672.25,21940211,672.25
2024-07-29,2330,673.62,678.49,670.42,674.49,22247963,674.49
2024-07-30,2330,676.39,679.79,672.99,676.79,22476063,676.79
2024-07-31,2330,679.22,682.47,675.52,679.12,22625383,679.12
2024-08-01,2330,682.03,685.53,678.44,681.44,22699938,681.44
2024-08-02,2330,684.77,688.52,680.52,683.72,22706721,683.72
2024-08-05,2330,687.36,691.36,682.52,685.92,22655430,685.92
2024-08-06,2330,689.75,692.75,684.41,688.01,22558075,688.01
2024-08-07,2330,687.33,690.58,682.4,685.4,22428505,685.4
2024-08-08,2330,689.17,692.67,683.97,687.17,22281851,687.17
2024-08-09,2330,690.71,694.46,685.36,688.76,22866071,688.76
2024-08-12,2330,691.9,695.9,686.53,690.13,23499400,690.13
2024-08-13,2330,692.78,695.78,688.29,691.29,19102853,691.29
2024-08-14,2330,693.34,696.59,689.03,692.23,19662338,692.23
2024-08-15,2330,693.62,697.12,689.55,692.95,20165518,692.95
2024-08-16,2330,693.64,697.39,689.86,693.46,20602300,693.46
2024-08-19,2330,693.45,697.77,690.45,693.77,20965235,693.77
2024-08-20,2330,693.09,696.89,689.89,693.89,21249823,693.89
2024-08-21,2330,692.64,697.12,689.24,693.87,21454685,693.87
2024-08-22,2330,692.13,697.21,688.53,693.71,21581619,693.71
2024-08-23,2330,691.64,697.22,688.64,693.47,21635532,693.47
2024-08-26,2330,686.64,692.61,683.44,688.61,21624242,688.61
2024-08-27,2330,686.29,691.28,682.89,688.28,21558165,688.28
2024-08-28,2330,686.07,691.21,682.47,687.96,21449902,687.96
2024-08-29,2330,686.03,691.19,683.03,687.69,21313737,687.69
2024-08-30,2330,686.17,691.26,682.97,687.51,21334936,687.51
2024-09-02,2330,686.51,691.44,683.11,687.44,21980223,687.44
2024-09-03,2330,687.06,690.52,683.46,687.52,22606365,687.52
2024-09-04,2330,687.82,691.07,684.78,687.78,23198366,687.78
2024-09-05,2330,688.75,692.25,685.02,688.22,23742593,688.22
2024-09-06,2330,689.87,693.62,685.48,688.88,24227314,688.88
2024-09-09,2330,691.14,695.14,686.15,689.75,24643173,689.75
2024-09-10,2330,692.55,695.55,687.85,690.85,19983557,690.85
2024-09-11,2330,694.07,697.32,688.96,692.16,20244863,692.16
2024-09-12,2330,691.13,694.63,685.73,689.13,20426640,689.13
2024-09-13,2330,692.81,696.56,687.25,690.85,20531608,690.85
2024-09-16,2330,694.55,698.55,689.75,692.75,20565549,692.75
2024-09-17,2330,696.33,699.33,691.6,694.8,20537076,694.8
2024-09-18,2330,698.14,701.39,693.57,696.97,20457291,696.97
2024-09-19,2330,699.96,703.46,695.63,699.23,20339343,699.23
2024-09-20,2330,701.79,705.54,698.54,701.54,20197899,701.54
2024-09-23,2330,703.62,707.87,700.42,703.87,20451434,703.87
2024-09-24,2330,705.45,709.18,702.05,706.18,21092737,706.18
2024-09-25,2330,707.27,711.69,703.67,708.44,21710409,708.44
2024-09-26,2330,709.07,714.11,706.07,710.61,22289793,710.61
2024-09-27,2330,710.85,716.41,707.65,712.66,22817757,712.66
2024-09-30,2330,712.59,718.55,709.19,714.55,23283219,714.55
2024-10-01,2330,709.72,714.72,706.12,711.72,23677590,711.72
2024-10-02,2330,711.33,716.49,708.33,713.24,23995114,713.24
2024-10-03,2330,712.86,718.06,709.66,714.56,24233099,714.56
2024-10-04,2330,714.26,719.4,710.86,715.65,24392025,715.65
2024-10-07,2330,715.53,720.52,711.93,716.52,24475521,716.52
2024-10-08,2330,716.65,720.17,713.65,717.17,19490226,717.17
2024-10-09,2330,717.59,720.87,714.39,717.62,19445520,717.62
2024-10-10,2330,718.33,721.83,714.47,717.87,19353153,717.87
2024-10-11,2330,718.88,722.63,714.35,717.95,19226773,717.95
2024-10-14,2330,719.22,723.22,714.88,717.88,19081386,717.88
2024-10-15,2330,719.37,722.37,714.5,717.7,19567245,717.7
2024-10-16,2330,719.32,722.57,714.03,717.43,20203229,717.43
2024-10-17,2330,719.1,722.6,713.51,717.11,20811178,717.11
2024-10-18,2330,714.2,717.95,709.23,712.23,21376821,712.23
2024-10-21,2330,713.75,717.75,708.72,711.92,21887574,711.92
2024-10-22,2330,713.25,716.25,708.27,711.67,22333043,711.67
2024-10-23,2330,712.74,715.99,707.92,711.52,22705433,711.52
2024-10-24,2330,712.29,715.79,708.5,711.5,22999867,711.5
2024-10-25,2330,711.94,715.69,708.43,711.63,23214573,711.63
2024-10-28,2330,711.75,715.94,708.35,711.94,23350957,711.94
2024-10-29,2330,711.78,715.45,708.18,712.45,23413549,712.45
2024-10-30,2330,712.05,716.42,709.05,713.17,23409821,713.17
2024-10-31,2330,712.62,717.61,709.42,714.11,23349887,714.11
2024-11-01,2330,713.49,719.02,710.09,715.27,23246105,715.27
2024-11-04,2330,714.7,720.65,711.1,716.65,23112578,716.65
2024-11-05,2330,716.23,721.23,713.23,718.23,18035403,718.23
2024-11-06,2330,713.53,718.71,710.33,715.46,18681974,715.46
2024-11-07,2330,715.67,720.9,712.27,717.4,19311323,717.4
2024-11-08,2330,718.06,723.24,714.46,719.49,19908328,719.49
2024-11-11,2330,720.65,725.69,717.65,721.69,20459153,721.69
2024-11-12,2330,723.38,726.97,720.18,723.97,20951807,723.97
2024-11-13,2330,726.19,729.54,722.79,726.29,21376614,726.29
2024-11-14,2330,729.02,732.52,725.02,728.62,21726608,728.62
2024-11-15,2330,731.79,735.54,727.92,730.92,21997800,730.92
2024-11-18,2330,734.45,738.45,729.96,733.16,22189346,733.16
2024-11-19,2330,736.92,739.92,731.89,735.29,22303576,735.29
2024-11-20,2330,739.16,742.41,733.69,737.29,22345904,737.29
2024-11-21,2330,741.13,744.63,736.14,739.14,22324608,739.14
2024-11-22,2330,742.78,746.53,737.6,740.8,22250504,740.8
2024-11-25,2330,739.57,743.57,734.31,737.71,22136513,737.71
2024-11-26,2330,740.58,743.58,735.36,738.96,21997146,738.96
2024-11-27,2330,741.25,744.5,736.98,739.98,22152073,739.98
2024-11-28,2330,741.64,745.14,737.59,740.79,22795230,740.79
2024-11-29,2330,741.76,745.51,737.98,741.38,23416650,741.38
2024-12-02,2330,741.64,745.76,738.04,741.76,24001527,741.76
2024-12-03,2330,741.35,744.96,738.35,741.96,19536509,741.96
2024-12-04,2330,740.93,745.24,737.73,741.99,20010235,741.99
2024-12-05,2330,740.44,745.39,737.04,741.89,20413786,741.89
2024-12-06,2330,739.93,745.42,736.33,741.67,20741041,741.67
2024-12-09,2330,739.46,745.39,736.46,741.39,20988919,741.39
2024-12-10,2330,739.06,744.06,735.86,741.06,21157505,741.06
2024-12-11,2330,738.79,743.98,735.39,740.73,21250045,740.73
2024-12-12,2330,734.12,739.39,730.52,735.89,21272816,735.89
2024-12-13,2330,734.19,739.42,731.19,735.67,21234877,735.67
2024-12-16,2330,734.45,739.55,731.25,735.55,21147707,735.55
2024-12-17,2330,734.92,738.57,731.52,735.57,21024749,735.57
2024-12-18,2330,735.59,739.0,731.99,735.75,20880871,735.75
2024-12-19,2330,736.45,739.95,733.12,736.12,21268224,736.12
2024-12-20,2330,737.5,741.25,733.49,736.69,21906626,736.69
2024-12-23,2330,738.71,742.71,734.07,737.47,22518851,737.47
2024-12-24,2330,740.07,743.07,734.88,738.48,23090458,738.48
2024-12-25,2330,741.55,744.8,736.71,739.71,23608624,739.71
2024-12-26,2330,743.13,746.63,737.95,741.15,24062660,741.15
2024-12-27,2330,744.79,748.54,739.4,742.8,24444431,742.8
2024-12-30,2330,746.5,750.5,741.02,744.62,24748683,744.62
